"file","content","json_string_in_label_set","bare_label"
"60-gbnf-field-attempt.json","technical","False","True"
"61-constrained-account-01.json","""account""","True","False"
"61-constrained-account-de-01.json","""technical""","True","False"
"61-constrained-billing-01.json","""account""","True","False"
"61-constrained-billing-de-01.json","""technical""","True","False"
"61-constrained-billing-fr-01.json","""technical""","True","False"
"61-constrained-other-01.json","""other""","True","False"
"61-constrained-other-fr-01.json","""technical""","True","False"
"61-constrained-technical-01.json","""technical""","True","False"
"61-constrained-technical-de-01.json","""technical""","True","False"
"61-constrained-technical-fr-01.json","""technical""","True","False"
"62-unconstrained-account-01.json","technical","False","True"
"62-unconstrained-account-de-01.json","technical","False","True"
"62-unconstrained-billing-01.json","technical","False","True"
"62-unconstrained-billing-de-01.json","technical","False","True"
"62-unconstrained-billing-fr-01.json","technical","False","True"
"62-unconstrained-other-01.json","other","False","True"
"62-unconstrained-other-fr-01.json","technical","False","True"
"62-unconstrained-technical-01.json","technical","False","True"
"62-unconstrained-technical-de-01.json","technical","False","True"
"62-unconstrained-technical-fr-01.json","technical","False","True"
"63-constrained-think-true-billing-01.json","""billing""","True","False"
