2026/10/04 05:53:08.574, 0 MiB
2026/10/04 05:53:10.580, 0 MiB
2026/10/04 05:53:12.584, 0 MiB
2026/10/04 05:53:14.600, 0 MiB
2026/10/04 05:53:16.608, 0 MiB
2026/10/04 05:53:18.619, 0 MiB
2026/10/04 05:53:20.630, 0 MiB
2026/10/04 05:53:22.643, 0 MiB
2026/10/04 05:53:24.658, 0 MiB
2026/10/04 05:53:26.670, 0 MiB
2026/10/04 05:53:28.683, 0 MiB
2026/10/04 05:53:30.696, 0 MiB
2026/10/04 05:53:32.701, 0 MiB
2026/10/04 05:53:34.715, 0 MiB
2026/10/04 05:53:36.731, 0 MiB
2026/10/04 05:53:38.746, 0 MiB
2026/10/04 05:53:40.749, 0 MiB
2026/10/04 05:53:42.750, 0 MiB
2026/10/04 05:53:44.756, 0 MiB
2026/10/04 05:53:46.769, 0 MiB
2026/10/04 05:53:48.783, 0 MiB
2026/10/04 05:53:50.786, 0 MiB
2026/10/04 05:53:52.799, 0 MiB
2026/10/04 05:53:54.808, 0 MiB
2026/10/04 05:53:56.811, 0 MiB
2026/10/04 05:53:58.823, 0 MiB
2026/10/04 05:54:00.833, 0 MiB
2026/10/04 05:54:02.844, 0 MiB
2026/10/04 05:54:04.858, 0 MiB
2026/10/04 05:54:06.873, 0 MiB
2026/10/04 05:54:08.886, 0 MiB
2026/10/04 05:54:10.903, 0 MiB
2026/10/04 05:54:12.916, 0 MiB
2026/10/04 05:54:14.931, 0 MiB
2026/10/04 05:54:16.944, 0 MiB
2026/10/04 05:54:18.955, 0 MiB
2026/10/04 05:54:20.967, 0 MiB
2026/10/04 05:54:22.976, 0 MiB
2026/10/04 05:54:24.991, 0 MiB
2026/10/04 05:54:27.004, 0 MiB
2026/10/04 05:54:29.016, 0 MiB
2026/10/04 05:54:31.031, 0 MiB
2026/10/04 05:54:33.034, 0 MiB
2026/10/04 05:54:35.035, 0 MiB
2026/10/04 05:54:37.050, 0 MiB
2026/10/04 05:54:39.053, 0 MiB
2026/10/04 05:54:41.059, 0 MiB
2026/10/04 05:54:43.061, 0 MiB
2026/10/04 05:54:45.067, 0 MiB
2026/10/04 05:54:47.072, 0 MiB
2026/10/04 05:54:49.082, 107 MiB
2026/10/04 05:54:51.085, 5931 MiB
2026/10/04 05:54:53.095, 5959 MiB
